{"network": "trained/CartPole-v1/nes15.44.05 - 2020.04.27.csv", "reward_history": [40.0, 70.0, 54.0, 60.0, 82.0, 28.0, 150.0, 121.0, 200.0, 71.0, 46.0, 78.0, 109.0, 110.0, 101.0, 143.0, 95.0, 94.0, 161.0, 200.0, 200.0, 181.0, 147.0, 143.0, 168.0, 200.0, 179.0, 200.0, 200.0, 200.0, 185.0, 166.0, 200.0, 200.0, 200.0, 200.0, 200.0, 200.0, 200.0, 200.0, 200.0, 200.0, 200.0, 200.0, 200.0, 200.0, 200.0, 200.0, 200.0, 200.0], "population": [[-74.38892304211902, 67.4031259931722, -77.15269596153826, -237.04786886610515, 41.30115821049184, 85.08769790246868, 65.05088587812901, 141.34990979471922], [-19.845140681178087, -54.085212581497956, 11.972310676227295, -60.71594320933062, -26.09994741082593, 52.01032689850365, 107.05281131981965, 259.1671862405855], [-116.52197097675796, -11.21772875222836, -31.146097818120463, -194.75033058927954, -12.653848373983571, 142.42110533427154, 161.68552503807535, 156.29533242883664], [-0.36772225402501135, 29.309498282159527, -66.43037408329872, -148.9649698870549, 42.053781627467764, 18.39550602869046, 81.35879589119455, 144.58278322953907], [6.688700142379339, 10.043570735098395, -100.47649933377016, -230.63651713272063, 23.163633837400607, 107.92173839002753, 195.69778866705008, 159.84433174835053], [-89.36038847792231, 34.111369988333564, -62.536509275664656, -245.54778656926078, -0.49734005310189744, 10.580997253813553, 67.64619010624921, 149.6096102994307], [-78.82955463037584, 28.277700110250695, -45.462487762011826, -231.26164906037351, -39.19672345782166, 21.64803669994896, 121.64557872066943, 175.80508886010097], [-41.96358980069472, -10.614211969102705, -43.873654643881565, -109.85497999869872, 37.25244053197366, 84.6006621813703, 136.3867582194014, 88.14525791829399], [-78.42185061644751, 57.67504478488742, -33.53963643273852, -172.1656963015143, -39.611101280512955, 39.77442059166013, 52.33225873946366, 196.2840827137672], [21.025472956280822, 19.63121344751676, -43.990661639488955, -217.00821052211916, 33.236812510780005, 73.28226039012014, 114.722633155524, 195.16950879246218], [-72.38508794944468, 39.9772306675719, 70.67178865928423, -30.212427657183355, -23.832549652692236, -60.80430565017211, 175.19454631911606, 158.60010275388692], [-52.103638303993655, 32.96307417163534, -68.62322898891777, -149.788661440912, -0.9056606281170607, 10.67087776269091, 92.39812464756753, 158.63358468010802], [-48.835920550239315, 29.402844997930625, -2.7075381197002635, -175.488515264622, -1.4446729949972168, 149.8044607753742, 203.1947523652214, 198.43878974969013], [-58.750282653705625, -104.22376402828141, -57.69613810942313, -169.91656356276673, -41.716711376933326, -27.136883714718408, 31.894298917000476, 152.65243574482506], [-38.15400648720024, 44.71803231307058, -32.671074646002864, -130.72736726673247, -79.10098109112056, -63.373042799360064, 66.99400887452326, 178.49476103976065], [-40.111862824903106, -5.799505190621634, -74.36679688825961, -210.25823688643442, 91.54391509174573, 35.20560995964752, 117.29868072338249, 264.9912539775391], [-9.877607614431923, 11.867281344249466, -77.42275530452201, -147.0394332636068, 82.27793826974411, -38.377234385847274, 134.53158157950844, 222.5915346353548], [-6.345437907506657, -121.77911513137938, 48.63941727306032, -192.19037665948096, 10.761294477246466, 117.71790792086492, 5.567154484606419, 74.28265511887489], [-72.4361904249526, -16.401735516320056, -69.78479416537607, -86.57951988146279, 32.44144161961476, -11.936893791743195, 15.73745698813218, 181.01908151717384], [-3.0775193121983975, -98.34103430235194, -8.715708909588574, -201.73946451512464, 112.91691576858489, 36.69609056792468, 20.750397027748633, 128.63973002030002], [-29.199128098821667, -32.18124038983606, 23.99111060347869, -80.90277001612634, 22.472142191391917, 72.01668969573063, 50.40809008961176, 300.85493563142836], [-29.470517517907073, -0.6408728227544191, -74.23153912017634, -124.22873494069522, -31.94417082863206, 165.58304076335617, 28.495966423974487, 200.32362810443112], [-40.21040294344286, -52.11555302502154, -21.389353275185385, -256.02259182306057, -52.06193468963091, 34.38051533648196, 81.71748015828724, 245.73103057576174], [-41.390264545052034, 1.3737478178324363, 64.18212467000521, -62.24271584448347, -7.342602967936854, 42.28286140006597, 35.52497504238935, 194.5111950686696], [72.5040405556293, -17.034157535112726, -56.77968163120131, -197.86474169796224, -54.33612515437348, -7.7852025459332665, 90.20858783824558, 241.87288118495718], [-67.33158761542305, 9.514176840301605, -63.76626320245981, -144.16936750389266, -19.607533450571992, -1.2844296174869214, 57.5327200241984, 61.24703037775231], [16.28462625132002, -69.4656837602817, -104.11553899307603, -202.38338600015067, 10.639260255676898, 56.838855432348915, 100.810454755087, 170.88138192728928], [-18.67204570177176, -41.46205621248375, 57.46886489027126, -67.29267756540584, -85.7050271995289, 49.406021731323094, 65.68853632317007, 173.41975676548688], [-94.77679092252885, -50.29488472998024, -16.462926184713048, -238.15585249196346, 171.8744469639247, 88.95148375381578, -2.003620912712691, 119.17328821174725], [-42.350098266601684, -101.33976483737817, -78.45725031041714, -189.7556082773114, 13.302534908016698, 27.488777101719776, 123.53254578545608, 137.28368025836704], [43.3706547047873, 14.51416925762781, -17.966713212521405, -159.55433964425546, -6.889533264693057, 97.15005370969503, 50.09716384405234, 120.68576582437817], [-27.17463310557537, 83.51769040710748, -48.812549724252925, -137.58966918708967, 34.434674740963345, 84.71402999770669, 60.54004158758847, 128.96370839680895], [0.7350526478144985, 53.91688192822137, -27.327430323994477, -152.61216101846102, 29.83557465396405, 108.74899076065161, 68.41435399993892, 96.85249445088283], [-64.36240036605342, 17.318563373300698, -64.05444148802209, -282.1228988890034, -7.877210249875979, 17.541113694992493, -2.3681248551793317, 196.01485342036133], [17.288104996712605, 36.18766911861303, -53.74752986212893, -164.22845930954404, 25.625839919515748, 70.88947149618063, -1.8547740435302416, 232.55373733946715], [7.113918745193899, -149.1207724697645, -12.955065291981214, -70.08906557021203, 6.872311828245403, -1.735142154434719, 194.5911710996653, 199.77915025458236], [-60.869990233158745, -94.04423178968658, -69.61131814769216, -161.64141993151446, 41.41929945169936, 110.03874122317406, 111.56258395447276, 228.56060707371574], [-69.06865924469588, 59.044565413856716, -20.647658895192393, -140.05803498185992, 39.485489217888045, 68.21421566160937, 90.31335897361247, 140.4302314713843], [-25.457212113363276, -18.016602283271673, -83.37438855830837, -201.98547182270715, -14.512366235854962, 135.35447072841168, 62.7232512493087, 222.00857079191397], [-90.09736215100588, 36.827941196013455, -54.764155996731716, -132.36042568106612, -35.72626418585349, 82.62726726607659, 36.237212797909734, 169.163220740142], [-26.433674705888656, 57.39083409387813, -40.61697116052346, -79.82421894935041, -92.53211563463458, 140.10345695841468, 138.69508445750535, 83.14603570795636], [-144.5800847017029, -4.6078460667790555, 40.013403862386085, -79.88694633693548, 6.537544513056268, 25.078525786326153, 19.87851124744877, 206.99908910221183], [-82.25294780716992, 91.26643022570028, -45.44138894507828, -139.81357803839558, 33.57333075188327, 11.361591133551556, 20.04881546248609, 229.53393047898658], [-75.5235864626674, -14.518577757166096, -36.802629309475655, -190.12881186050475, 56.91562486424933, 108.03457471101353, -19.803804638041015, 186.03006890080823], [-3.4396845163426875, 1.7035515542929218, -122.5016760711461, -68.44665494583587, 60.87465658040378, 91.15172293419349, 120.69607107596622, 218.93179573467302], [-157.2363117563117, -25.387649688057174, -34.94273711898967, -107.91749436535656, -26.34484207379665, 64.68373871383018, 84.1365500018547, 246.20740786120206], [-72.57283725014614, -64.7842512378866, -33.429102837483214, -180.48460032947312, -60.177095356653105, 89.66795395229508, 