{"network": "trained/CartPole-v1/nes15.28.08 - 2020.04.20.csv", "reward_history": [62.0, 77.0, 84.0, 103.0, 97.0, 158.0, 85.0, 107.0, 193.0, 109.0, 98.0, 98.0, 200.0, 200.0, 200.0, 200.0, 200.0, 200.0, 200.0, 200.0, 200.0, 200.0, 200.0, 200.0, 200.0, 200.0, 200.0, 200.0, 200.0, 200.0, 200.0, 200.0, 200.0, 200.0, 200.0, 200.0, 200.0, 200.0, 200.0, 200.0, 200.0, 200.0, 200.0, 200.0, 200.0, 200.0, 200.0, 200.0, 200.0, 200.0], "population": [[-34.98902747766736, -82.92252816455813, -23.673212352290165, -199.57401053248134, -2.3694046889890115, 6.540237335132943, 39.20575210066363, 191.3722868463101], [97.55265471159215, -39.19853976354153, -138.77044978562822, -179.2328355548995, -16.928055790346924, 56.76448063686967, 91.63663817618988, 134.90828507216307], [-47.5389027949323, -58.31876008581768, -74.78715697976304, -200.56580765707002, 43.90351521096425, 59.304724887311565, 81.02433090471962, 146.85010986646537], [-11.386973121026564, -52.06616444426004, -57.111041306614425, -179.93583804806275, 69.12869756256234, 129.04838645452494, 52.61857323801452, 126.02702709634521], [52.74734327195034, -64.22372166186163, -103.05624603177165, -145.15790260695758, 103.77987395646731, 22.990213608231578, 68.60894777750457, 159.72164324986903], [35.565983560523634, 52.47646498586116, 30.1622204969226, -176.27956573703295, 8.494795001440393, 14.24162086721917, 67.32482835162857, 135.4060812595821], [56.8052057275582, -138.78188757287725, -110.42443020140635, -224.245112870115, 34.06607886337362, 75.99459246074389, 54.29270303315262, 265.0613594840645], [-63.340018380955456, -15.16678071724126, -70.51715174979098, -140.87152976563974, -46.2296180512444, 18.08901074236615, 88.25877820614213, 143.5557087628074], [-11.158630730885442, 25.72908864900922, -5.77203484013355, -148.37123053714643, 27.273815379919576, -13.65364098526203, 80.02953685603444, 74.2396614463769], [-49.70889529301068, -59.66653956988888, -71.55639855176665, -154.96275979785702, 89.06660290932582, 26.843075025611924, 117.33069099844204, 124.2103049437054], [84.87078515344092, -17.216545591044344, -81.9078583836187, -149.29024494221497, 21.040853099108986, -3.3791011409479346, 27.50006573868002, 167.15305120751913], [75.04778403454844, -102.43041194917906, -60.630812630577786, -128.64831095109054, 1.331623629662622, 46.06729930812386, 82.1785028793718, 123.44129467484922], [-53.51588856931747, -88.88965522499086, -47.16691551048266, -105.3000969535199, 90.74031498639307, 47.035743342888104, 8.274420108477273, 240.02973362887388], [-18.232024109768428, -88.54939729071717, -45.54380036278296, -141.6313382494577, -0.5702756986516437, 83.64413839611876, 171.58371023989645, 216.72665201359007], [-56.77912099214012, -30.358291569455233, -83.31587149401302, -160.09642034472895, 41.15451469573158, 85.50765751629332, 162.7880428154762, 201.32717290823945], [37.01031044663718, -77.10105137234704, -101.68006649500781, -207.60611952019795, 47.77641800209174, 84.28323565376094, 36.15467772373772, 243.7460251927827], [-32.575035140102464, -92.44648262448946, -42.61649782600118, -115.28327507864383, 33.14845272689183, 50.10789465290094, 117.8003562088137, 134.97070931187338], [-54.259338489614464, -4.45308722400987, -114.21769256391525, -150.523656350246, 50.90693650863036, 12.916863769712128, 140.0962568158249, 158.13367921388752], [20.724328985874823, 2.9512606503246843, -60.65058068110896, -130.6580209261601, -21.680742897475973, 24.81881269259881, 124.24529415556383, 166.93409100404102], [39.945118608107705, -70.16985532287134, -83.88100714010704, -124.24235186207089, 34.525270424320055, 25.33662654067525, 97.49063304707592, 202.43129181114358], [13.681686003144659, -54.88427813492848, -178.69334098149335, -133.34242275967557, -68.64768925529329, 75.10125108689014, 173.0301519856572, 91.64715423743768], [-5.244801697434442, -19.04536614868191, -99.41227045539495, -163.66847598199263, -47.74976115645736, 88.65455664631857, 130.0555459851065, 92.16617289327479], [34.85653551276859, -48.09015224607847, -11.861195845618163, -157.98321299239802, 9.838328136316452, -7.366918938712864, 17.984807752239163, 177.05112173496389], [63.908274572468926, -16.51475893811511, -33.216566644297814, -157.59895312368423, 73.6961090236084, 72.39141749272403, 80.75240577660762, 141.86672280173826], [-0.9920262873615933, -116.5661219317063, -98.07448064854252, -116.26547155528893, 42.934440043448184, 19.87464171172182, 108.86596029973357, 193.44803622491068], [-25.137199304492135, -18.824318960838493, -76.52614203307742, -168.22300175180123, 0.7106900072005615, 49.74874337793454, 67.14414303147413, 98.75148451935245], [10.514920719971535, -48.9653123845856, -43.510592819048256, -77.25530740609594, -59.05934336021351, 124.92946409375548, 145.90478459528606, 5.85565782225882], [14.717191508912993, -54.850835643315065, -123.41997977176584, -215.324675866184, 82.35862107586583, -66.87054464384343, 102.95087569854188, 179.2595294787524], [-44.2136328333939, -2.0244048018023832, -84.82382584854297, -155.56094787746943, -26.538437561121334, 20.180296624511293, 81.98971875071815, 139.1095437815468], [-10.76405127767607, -74.8950943908057, -68.72326513190991, -97.0908257139356, 45.16249253600713, 20.38006169107726, 149.74228055600796, 166.0273512254822], [-0.22560291426149348, -131.3476755268741, -102.27395037471872, -156.60194718911993, 14.674981522995475, 53.099996164530864, 38.76355883202006, 141.58432097083232], [-53.84380332492641, 37.08910389857548, -39.80029438583705, -248.0985272636897, 1.4209545124052623, 12.53542457681204, 81.47278442923414, 282.9084273680744], [-15.911386443500074, 4.304083162325938, -26.116296250219406, -124.77195553187946, 2.591941600845373, 16.96517688029956, 133.763276281912, 185.83738430746044], [85.67605435570495, -47.90598167986957, -49.077334042906074, -133.94776283960405, -33.15496940815242, 78.36375879962054, 113.27469421777906, 99.74185725048598], [-26.67328751833756, 17.546682449494753, -113.04344392357712, -95.4010727930062, -129.42925837139774, 52.33397462950373, 90.05558392947125, 220.26334770874314], [-34.034410292961695, -46.42227570901582, -124.7909194510975, -96.34415300752148, -12.121535249262802, 147.11855139860393, 169.01686576556668, 160.054915463001], [-10.016724974900388, 2.6230176818481397, -81.17393033203392, -152.24171483729052, -70.04327620605098, -36.94038552047215, 116.60132561550756, 141.19342641205998], [-16.07651979113393, -22.43989888493243, -65.70849520156032, -125.69702687985162, 16.70383376903507, 28.71287471000632, 160.74903497386504, 258.2889126531134], [19.61305738314513, -12.101098977342986, -43.16273435663075, -199.76801476506031, 22.308744190542015, 6.841213228734436, 25.117179511848107, 234.83795703654184], [-11.926286961209083, 13.231992604032982, -18.20115394815442, -186.306507203355, -7.400624704239686, 113.71598013110295, 42.648286604026886, 186.0661172420566], [-11.242593588382345, -18.79034840990975, -59.31399990418136, -87.53759329294219, 3.4600406706978895, 12.069173663497859, 94.02808684496006, 141.90305322976798], [54.27435386464596, -28.180844148676258, -14.800334265983778, -190.52234700309984, -12.337283552983255, 10.419809297230358, 139.6036319734476, 173.53001818455184], [59.972774178097936, 3.1935348189746904, -75.79447216833279, -296.1501473987786, 1.2152651862724202, 83.55689800908644, 88.27005745865586, 136.68751394906366], [26.297602227785188, -116.49414151325465, -85.81896918497159, -140.02268074881945, 64.2115411372531, 109.02405208114733, 169.34613432176334, 176.37030294358397], [-33.48759500446352, -20.525668938792236, -46.781746761689966, -112.37920999170913, 1.0928439442779867, 79.16985090318364, 65.00180327996301, 140.17565233075635], [3.15349393890536, -54.88168953286757, -118.29670282926588, -189.30787551874684, -4.594261664477466, 18.718756153005874, 66.9695506347076, 170.9064074418662], [-39.86451430736346, -21.79705871389672, -5.483841340975289, -164.34548865056, -56.35863248291891, -54.185894749652505, 122.46746135280347, 