{"network": "trained/CartPole-v1/nes15.22.39 - 2020.04.24.csv", "reward_history": [48.0, 71.0, 77.0], "population": [[7.590628063653648, 78.15073116078872, -51.37536684708348, 109.37693143031635, 58.9959144420435, -77.06990025914885, 23.922720457910934, -115.87043405600765, 5.533132996859247, 68.5960191874092, 25.491959081012475], [48.89770690184155, -138.2930978238285, -61.41945005148638, -33.973214723010074, 8.609833966809706, 2.890268941793769, -108.63285435127796, 85.59999788018871, 30.79985813765453, 32.07226617561281, 91.40283777841415], [6.255088844347207, -43.55695033187766, 41.439300407545666, -88.75551510392022, -10.458588717564817, 18.12595589303235, 38.4923354968616, -43.09274245234584, -16.030795072363066, -74.44671665003801, -72.43211995829229], [-8.736272429933837, -21.304789947861387, 35.874303625670365, 100.33022070460586, -13.670082486780453, 21.86991832886335, -47.19142268110685, 11.220148024909555, 53.122661983564875, 15.768194614034185, -49.97713030350455], [-49.550838252930056, -45.683928244094965, -24.941658927530995, 47.35073542981198, 63.55731663130918, -30.244430354053026, 46.36724346671563, -32.90346139994516, -30.851936989353767, 45.433992510830095, 91.95001976018493], [87.00076784322067, 66.69825449640467, -56.91543059873719, -109.47245545131656, 60.39329921035058, 108.07515462675028, -18.994287962214383, -5.571383127949716, 97.00251488327592, -55.24761660809076, -54.6118384460178], [51.216390695295026, -35.782932659636046, -6.833117224702081, -143.2161270560583, -96.74601131889271, -7.523155262227384, -65.71613037482425, -31.233070001987805, 50.648564809358675, -45.13538801293399, -23.229326207847446], [-55.75977576692798, 38.599530792140264, 15.973643148929773, -157.40498376683286, -72.50131839087061, -14.787270954361226, 17.611227035818143, -4.628998319927332, 12.218242919672152, 18.864828650861362, 44.918108997888595], [18.69498950606453, -70.23109991314271, 92.24512450638171, 48.797800990622285, -21.647036445387144, 36.802278412052786, 0.45447732889883047, 90.35711521431153, -8.42655200811578, -123.81735805031661, 77.74431839831242], [56.17518358145765, -56.30951982557462, -57.635608772872466, 27.237268461284504, 69.52904057922103, 45.72037372125753, -37.13522281094823, 18.878036623022126, -111.49220068725533, -12.331688927616337, 21.98379992415602], [16.939117111225492, 40.41584362255806, -37.16520806590744, -66.57074314986214, 26.337217013329145, -35.360390282649846, 14.00008245816188, -12.511606562516755, -52.09405699291645, 14.458081490536527, -4.057222949292806], [-11.480377925630698, -23.54619744180629, -69.7306795025684, -2.5216402105716718, 18.177704774294803, -30.361621065996143, 22.3823452743454, 133.37467827436225, -2.557027174088561, -44.3579707681305, -16.07739781574251], [20.105084509278516, -12.548865478533468, 63.12170614146747, -14.364363989663566, -66.64846136555579, 60.21732073275753, -87.46536322402038, 82.56676286031625, -92.75587456188059, 28.0245138509677, 42.2053214802055], [-9.844806051267453, 27.776716000875723, 43.96943952223239, -29.82111311007849, 27.71616865020695, -51.89911148315332, -1.5584788679537582, 38.50354848928818, -6.523385915098593, 47.03985655236644, 49.15884700214312], [-49.337895900809436, -131.84619877213095, -77.19807953717971, -15.241128022055062, 11.449421091534164, 35.52211959901486, 5.150192507809127, 73.13349451538568, 5.30036668877123, 110.55213618604924, -1.960623117150611]], "best_history": [[-1.3487279648112518, -6.504065782144728, 1.2387546198460373, -2.6382727202802294, -3.590226938186889, 2.2991896322730088, 0.9553878847628648, 2.8229417398836034, -0.1456003399262537, -6.195886603307098, 3.728505298367688], [-0.812557709455289, -6.845639220472179, 1.1344603916783937, -3.5440678520644004, -3.989761537293574, 2.038288825694014, 0.33479375206450657, 1.9487092643161799, -1.3935363013953717, -6.55557110901484, 3.0712091128577974], [-0.7461861003991986, -7.683115974082172, 2.864225896730655, -7.594167690548911, -5.203165870906084, 2.436056985716034, -0.6433808638949264, 4.192442799725341, -2.539067923395577, -6.902676303178303, 5.6027299107368975]]}