{"network": "trained/CartPole-v1/nes22.37.18 - 2020.04.25.csv", "reward_history": [40.0, 86.0, 58.0, 27.0, 132.0, 96.0, 130.0, 120.0, 163.0, 127.0, 162.0, 124.0, 118.0, 106.0, 82.0, 114.0, 164.0, 200.0, 200.0, 200.0, 200.0, 200.0, 200.0, 200.0, 200.0, 200.0, 200.0, 200.0, 200.0, 200.0, 200.0, 200.0, 200.0, 200.0, 200.0, 200.0, 200.0, 200.0, 200.0, 200.0, 200.0, 200.0, 200.0, 200.0, 200.0, 200.0, 200.0, 200.0, 200.0, 200.0], "population": [[-13.696602790526061, 8.97448575248767, -36.99174509141746, -173.5058858807089, 9.275468043853976, 34.56711443043356, 171.55724437045387, 130.4650848234441], [-112.27257756795284, -31.665418825187754, -171.5601463594275, -125.27528220722144, -52.34457054086735, 56.22644699832479, 55.56287820398388, 137.23423471720747], [-3.639527923005172, -67.46393297313132, -149.6721631086652, -105.66996727716861, -18.707409976579324, 26.189606386131572, 119.53951176820777, 155.98568417191154], [25.614061825724416, -3.4877860297234626, -154.91868664306133, -128.0062370240484, -6.054097034681822, 55.800286610422056, 118.57497984122456, 130.97728156459794], [-6.403155988496325, -12.572022668643196, -100.60445855795588, -254.3328542960552, 60.82543326491897, 82.19775002415425, 62.34143496164956, 55.85684453876327], [15.476035000606974, 9.479438817578195, -21.014504784618694, -196.1350877752226, 32.54840971776892, 165.31070451439288, 47.053171735201865, 144.10766821386767], [-42.74185329541096, 59.4818701702505, -54.11051940989032, -231.78341121454332, 48.70503566211205, -13.382994097786188, 48.19519410370261, 207.80168681231294], [14.922601692982912, 60.36327444187623, -69.83736827666365, -120.76356344232481, 106.21255676478512, 51.208932979539775, 112.97118869735394, 82.72800199053069], [-38.24600197116513, 21.033506952083304, -81.94036077503036, -206.10229552061844, 28.87404428459843, 43.710558146309076, 34.43190287754611, 156.35766920544057], [-50.79888904458396, -70.42857368594787, -140.51084013212144, -115.51927227612475, -64.87362501912347, -24.12947888088999, 87.21140616804632, 171.59114203569402], [41.17703365410294, 21.091541045592873, -80.36158493941667, -133.58610437929943, 2.7740125310787427, 58.36248041938037, 39.79906457389882, 172.28469606148815], [-26.85455728018821, -72.96742646745409, -13.047287157766121, -221.3670029544197, -1.831626976231279, 82.00327832419454, 82.13047354087621, 154.37376958608172], [-27.028306885975823, -59.671401745873624, -66.85283487961809, -137.834240164238, 108.72286090044265, -2.997078017318927, 16.07110407962479, 123.31525456498167], [7.5185801652879185, 19.254623956350766, -108.31019712812095, -110.49849121743847, -18.136906381077285, 35.22556690342149, 109.29905460127743, 191.73843613984394], [25.97777309123065, -62.913377520071506, -42.94337057903978, -105.41608607814163, -26.511671299234422, 90.57488157820283, 51.26301173918222, 250.71113390589667], [20.346778576829056, 0.6989392419174116, -62.14480107429874, -231.0231992138493, 75.319618537484, 19.15074606012367, 75.60917478052467, 124.65023779294917], [2.2174848956511823, 6.450889936492846, -148.02441504987564, -159.16385549138457, 0.928911482985745, -9.673104234421018, 92.48719200172968, 156.39111978233157], [35.87440450015096, -40.90311177144588, -75.04829227321358, -189.84627376097146, -42.50329748653495, 40.42198165332812, 94.42649093440191, 149.801175989567], [-95.91300583209603, 44.478071545789376, -148.6389994762119, -279.04150304562756, -58.29600778354724, 62.52372212091943, 116.45026686284913, 210.32227847551934], [-4.2926173805049785, 35.84005767382082, -143.59528079356295, -125.11522879528164, -0.3851462044031848, 53.196826104546126, -26.67785597309748, 121.29986901292384], [-34.6320094181597, -26.213124395568727, -138.05790787834317, -84.82422652388512, -12.339937477258054, 88.82041733100313, 107.48557839034824, 209.14981722282732], [-8.554208579176125, -71.83711051657771, -47.71151767354875, -165.87428444741158, 37.05253966760779, 12.854917365682127, 99.55985698612665, 187.04910437988565], [3.4358504338780165, 56.19872814145033, -137.643923555685, -187.3325147791548, 5.664325236540776, 19.409339323629467, 191.19188790742436, 249.95514907190807], [-104.59656193221426, 51.228507102387795, -133.2671505965835, -116.96649288206174, -3.77495154410801, 47.2575667927362, 29.345707654805565, 114.23801076560092], [0.11579502195566604, -97.59694517781088, -117.89914349535036, -77.2272802972174, 23.56013180707551, 71.07691569555752, 98.75510545044843, 129.9032303323966], [-28.89447166601751, -5.404071972685532, -78.74098895748928, -192.68807298800743, -75.74522467071397, -38.72589710171532, 122.84352033650902, 137.06502038639664], [-32.655241869315105, 0.21399244655361116, -137.452552599859, -97.04032527035213, 0.8418977228543127, 118.20888224055835, 181.7173485008651, 148.06087163999186], [-28.530602325516, -79.84961986563923, -114.70870396679732, -198.35455597220704, 16.340033607123665, -3.1915314813349056, 78.22274344537522, 143.92478101137755], [-22.776558897459427, -158.93497252384708, -47.5861302050865, -96.48983031459741, 40.893672082669326, 85.24576080485367, 134.97533958997917, 128.77605459050125], [-69.14317464008101, -7.209927551354074, -129.07980611634022, -145.27406369794193, -43.85284794857948, 33.42699035412636, 92.62518710863579, 184.26832771814236], [1.4705593559354462, 13.546545071660692, -208.2832185300689, -123.98929415897481, -109.04061926261004, 145.06091962100516, 33.469611857011884, 225.29511066346208], [31.217772274840005, 89.10815465669624, -135.72683495952037, -167.28109168632358, -17.508636183134684, 51.58501677256925, 21.183500427506473, 70.41215841021211], [36.7123041547013, 8.44931007609171, -66.3189160362605, -218.6642585538759, -9.280139520689055, -1.1512619611541766, 102.62445233676569, 178.08810297520554], [-28.925109028487142, 45.20811746245387, -154.8312481595405, -166.3612702050839, -108.89572526042848, 80.70897647680536, 29.826545445544923, 161.72371065727174], [2.339511773371882, 5.844428398139154, -100.32359694729755, -158.1017371324344, -9.03929456660754, 155.16674664596195, 113.83031436090458, 123.15126000971657], [-20.533226718241018, -65.20945630119752, -121.97643007317527, -112.79696854730284, -22.732574234620877, -14.808497085139209, 24.669759451532286, 263.76726427383164], [-6.739240484065597, -56.628713375548216, -186.79547628995758, -238.93516260467143, -33.275830914402476, 76.5554036972521, 93.4733059672876, 87.25287498834055], [-4.8427608823496335, -2.567261283163223, -120.09757948493157, -136.92112449246127, 34.0043915411548, -6.00292308299499, 91.09150613144885, 199.37160321719875], [54.90546179172219, 42.32649066827648, -148.814078627157, -39.26227669231787, -33.9170154770153, -10.624355211129199, 195.04542032510176, 128.3005477858814], [-55.44595969323747, -26.076876836899444, -88.6612844717238, -220.91326805665727, -62.48180494086388, 28.644862459752737, 121.58635279491311, 151.5373669518159], [-11.03512654856292, -34.04546950407479, -102.93556403086151, -216.4975197034721, -88.63506478056534, 82.47891892990754, 98.1383829880982, 139.9200068467429], [-19.560943476564, 11.90546369845023, -129.40706571000624, -101.86169853368813, -25.955838074127033, 127.10016139672892, 112.07655453769156, 164.44952829550644], [-70.89231197590998, -21.600964217697776, -29.54095061727955, -135.25553470728258, 34.23336628491697, 57.48875479141127, 1.8344211816794456, 158.9064185711956], [-4.840404232364087, -86.1525125615295, -110.28250906855082, -137.00058859524117, 26.530728284485168, 10.480513108115261, 138.19657413351072, 201.30396107704888], [-86.25002652747713, -13.17302629862207, -49.224456837569655, -138.18461773086804, -43.335357984767796, 116.04610965719438, 107.23225542791995, 119.4917787868798], [-27.034226575837273, 62.872880188028205, -104.6913312839499, -176.66530334608655, 114.7812154052438, -2.8773534891060493, 90.84549129753567, 154.56697621291087], [-5.5047232998573055, 30.274837502529753, -66.77375112423158, -136.78043936894068, -43.67661796054112, 16.043243629670304, 