{
	"network": "trained/Pendulum-v0/nes15.30.16 - 2020.04.27.csv",
	"reward_history": [
		-1456.532405150406,
		-1495.9405306424322,
		-741.0465100465099,
		-981.9781731106408,
		-1089.171407984719,
		-630.6042904633421,
		-503.75377659308267,
		-865.6773145059153,
		-1465.2669055770367,
		-1478.1829025841642,
		-1229.847747502586,
		-930.3812771093789,
		-894.7166568758162,
		-1305.562290834154,
		-1735.5899586746385,
		-1301.5026425233528,
		-872.684848216339,
		-1821.1484340947068,
		-1250.5202692495637,
		-1830.801377113621,
		-1208.5837384307495,
		-1220.0871757001649,
		-1443.9472610165443,
		-1890.5406464080366,
		-1597.9559338623533,
		-1630.8053312961313,
		-999.8755582781857,
		-1753.8912265350112,
		-1159.2312222581218,
		-1804.5196709172899,
		-1313.483235743283,
		-862.4438074428522,
		-1176.2434876799567,
		-1501.0918462936346,
		-1278.8043498942669,
		-1722.1173567272415,
		-1822.382310164945,
		-1176.2761122109712,
		-1166.8921310169783,
		-747.5508125358252,
		-1167.9633829383402,
		-985.1300427009873,
		-1260.4952961549928,
		-1243.787114015861,
		-970.3866288681638,
		-996.7963888062044,
		-1696.1685956029292,
		-938.3831733191018,
		-1161.8982867519067,
		-1697.6021175255019
	],
	"population": [
		[
			255.5288358005603,
			205.22781605672876,
			536.9994710513024,
			309.02989322835659,
			-87.58768597153517,
			326.35448912507777
		],
		[
			254.20977667794137,
			187.26494727164465,
			577.9253817313716,
			147.8494225041183,
			-69.37245447776225,
			302.1152957954323
		],
		[
			202.06336771748844,
			149.62936497505798,
			563.7327687209894,
			279.1022076352987,
			-70.5511749278433,
			363.2939702641214
		],
		[
			164.906089945197,
			278.3464806341566,
			586.9076191044964,
			218.36361759413678,
			-132.2769938112947,
			352.09803395750358
		],
		[
			254.11499560943865,
			173.68670416158953,
			474.4234768829565,
			265.81594378279757,
			26.304564481454798,
			403.5829005481757
		],
		[
			237.69648307505018,
			129.47587531190656,
			542.4476735202092,
			236.54981495250628,
			-119.4920686393859,
			400.8988808429688
		],
		[
			231.1435557371508,
			141.98376245358015,
			624.7210269088407,
			276.4270313634986,
			-3.0411357542412107,
			375.3713175904197
		],
		[
			189.5588381804111,
			128.26886922830503,
			645.9333003718739,
			263.1148969601849,
			-70.43559024689995,
			333.4174470782748
		],
		[
			152.53065704220536,
			182.2056323981857,
			715.4162038347572,
			292.61308107861108,
			-16.243360777547275,
			382.75989643269119
		],
		[
			287.70333789468978,
			245.80651194711488,
			564.7163241438494,
			275.79801421613805,
			-84.30945426555209,
			378.77182940868439
		],
		[
			200.1209543277871,
			268.08556944677226,
			609.4499823027821,
			182.52428204102038,
			-42.706552764726207,
			396.91166991109199
		],
		[
			277.8100486601284,
			195.6956584058728,
			556.4777651596759,
			203.62556105068365,
			76.1428695336586,
			397.3413421651517
		],
		[
			234.64664873779948,
			250.62742888024696,
			547.1584408286972,
			204.96842642097585,
			-53.553143829215517,
			373.5603173188523
		],
		[
			204.7625976402932,
			174.7673109554298,
			656.9035007421799,
			240.83800966120925,
			-104.273124180987,
			332.0085641656799
		],
		[
			144.0171914956543,
			241.87880755883067,
			542.1628057383504,
			241.8431418373068,
			-4.217972985029533,
			382.248835487611
		],
		[
			176.9502781289671,
			150.6647968658149,
			586.1853787849512,
			152.72063055100598,
			-121.63340237381172,
			307.24522829707788
		],
		[
			149.35620238590313,
			195.8684962411024,
			631.9409341893603,
			245.39942343025207,
			-122.3617358574438,
			419.25370639730377
		],
		[
			272.5774110622338,
			96.0108920054647,
			728.8858704220955,
			238.90250157036497,
			-31.660654126615868,
			342.5639302383761
		],
		[
			117.31836658956012,
			148.13421114392495,
			536.3695499761467,
			232.23697730306004,
			-76.2971204953824,
			336.95778316354338
		],
		[
			225.9069888014318,
			161.23911577492033,
			661.7613664839278,
			273.63645817679318,
			-97.81633836777267,
			386.1404667011948
		],
		[
			223.98145358080388,
			183.05284146589629,
			624.2168610098577,
			318.72842904725999,
			-10.014475113073033,
			383.49027226482476
		],
		[
			116.85888084326472,
			149.8720831844548,
			526.1523092943182,
			215.2791330762652,
			-35.099957169924497,
			433.9021474036909
		],
		[
			144.06594619938088,
			163.5249608786964,
			570.4205364840128,
			353.46762624048008,
			-92.6021203591971,
			365.18522579027236
		],
		[
			167.63079650302132,
			156.44957468496166,
			511.4972000677503,
			221.26332698965337,
			2.157204935986435,
			379.9057658888718
		],
		[
			214.51018364492877,
			154.20071423430063,
			596.1013925393639,
			240.26931238927643,
			23.1968240821139,
			359.7480674359971
		],
		[
			191.86065941709479,
			272.4120052171853,
			601.9209050924176,
			255.56343042926515,
			-77.45797677641088,
			444.9063434109972
		],
		[
			170.74873365443794,
			142.79497577567256,
			571.3169023739267,
			268.40732245485347,
			-133.45997401345006,
			420.3097996936084
		],
		[
			234.58079916628916,
			220.64706530440237,
			532.5065835748154,
			286.49354113465366,
			-131.9866477615865,
			456.6864503717281
		],
		[
			176.68202515776376,
			243.23243438905696,
			601.0177491947384,
			374.1943894822359,
			-47.42746017808892,
			463.6440491932079
		],
		[
			244.0914590238388,
			140.021720102416,
			510.56932769831476,
			224.41563690672732,
			-61.24350675491745,
			296.8454403520298
		],
		[
			254.1288097604707,
			135.34776927264449,
			566.6875386532313,
			168.7017890779593,
			-69.30857707223203,
			422.8441842500711
		],
		[
			313.7485904041493,
			257.1070264869479,
			555.1763697973661,
			170.1217448615228,
			11.328551090976128,
			354.31123708566937
		],
		[
			214.60436420592138,
			68.2696482606767,
			541.0933354885863,
			363.95955490935537,
			-147.9715436132834,
			233.28065853642927
		],
		[
			192.49758046585979,
			239.784017265841,
			537.421285550173,
			230.7915776092922,
			-20.236646234510127,
			397.78443333043915
		],
		[
			344.25587002753857,
			138.23005635517678,
			590.4617113399256,
			209.21483784867884,
			-13.537906094216169,
			338.20386585220538
		],
		[
			189.72985037850999,
			208.6904991448202,
			553.9260226213015,
			292.65979690297788,
			-55.228819471551478,
			355.6740520557004
		],
		[
			185.15965511319025,
			66.18022174805118,
			567.3461903451748,
			106.04640709347473,
			-138.96108191375905,
			433.63279288749768
		],
		[
			214.85914513049853,
			192.5124322292083,
			478.16078230168099,
			274.7921291241771,
			-28.491572573683678,
			390.19231160918357
		],
		[
			198.7614785442738,
			194.2950034403335,
			639.5868207877757,
			193.76514605717277,
			-26.248322691477847,
			352.63432522149949
		],
		[
			236.04395611556113,
			192.8391208020967,
			626.5091566035281,
			207.80992951441045,
			-69.1750999349151,
			338.35714693410838
		],
		[
			131.7868374715395,
			200.18325225794184,
			556.945005737728,
			269.3068597619542,
			-12.997480611964747,
			405.34171259902726
		],
		[
			158.34311715529516,
			176.67687252136964,
			674.7899678395789,
			135.04303247714575,
			5.987918898807017,
			359.3098482872992
		],
		[
			235.02904596665537,
			204.19445821111305,
			640.162102174394,
			266.6920647233499,
			-109.73888122641765,
			324.9020208693842
		],
		[
			161.50700847743807,
			164.51728556398528,
			545.1376134468007,
			148.36132084837113,
			-129.19020889070186,
			340.8986441934933
		],
		[
			164.88977487945514,
			154.61807782327677,
			604.4223000856232,
			293.3705534031837,
			4.397424406620466,
			378.56740014948556
		],
		[
			220.80274174212196,
			281.7104825249605,
			558.8352829047274,
			173.66259762070752,
			-63.49301211942819,
			355.6052148857448
		],
		[
			148.9624937916825,
			225.9174068343025,
			498.462844462158,
			250.2936842272205,
			-49.68103341173849,
			380.7865643853076
		],
		[
			127.32110002811997,
