{"network": "trained/Pendulum-v0/nes15.15.17 - 2020.04.27.csv", "reward_history": [-698.6294795249008, -797.3674191365209], "population": [[26.082556891204554, -0.15867538540288173, -102.05861418869188, 11.239468339637147, 66.0142787003384, 19.8835336189266], [29.315730616887887, -21.585138301292908, -68.97036290178494, -31.19126241560487, 111.03141118675521, -7.808227755072759], [48.59540247931405, 25.431226299383706, -56.70391868244086, 163.8477651969404, -48.45526622954474, 34.91284423277147], [54.772430475324974, -99.0013730156434, -88.23638994872658, 29.831119957802798, -46.37368444099426, -59.86329524738562], [51.521960590121445, 22.20923301270668, -94.9734923820985, 99.9318747384365, 68.72839282001502, -97.97653459820337], [15.439853368877301, -86.73462794855774, -33.358540505487156, -73.22944759670784, 15.557223259671034, 8.53042485456145], [89.74486899350939, -75.37779140151025, -30.096481641280633, 103.5663159503275, 43.69977286030978, -125.19802937372445], [68.17871390103332, -3.1245319351689282, -137.14253351047572, -57.32492501984696, 73.20316808019277, -13.440022707926751], [31.176358958744565, 50.00772382598322, 0.6108832410940721, 109.83015236927058, 14.717089790895406, -14.34187439368608], [80.79301786074937, 10.527314165769852, -110.91388584962402, -3.4924771132361236, -5.4478500047299185, 12.504549792704324]], "best_history": [[51.64395920851585, -6.196059624375825, -73.9103493219475, 19.575725931488794, 21.4765190699681, -17.396147002094594], [52.77277179210283, 13.97876341745495, -65.46835605847764, -26.3403756549484, -13.033663869087022, 2.843603102519822]]}