{"network": "trained/Pendulum-v0/nes15.07.23 - 2020.04.27.csv", "reward_history": [-577.3947060478283, -909.1672736313482], "population": [[-124.5844822055472, 55.002192675647834, 3.457672105465452, -50.491293270550436, 30.928003103140227, -20.141246068891597], [-0.5719597283009463, 78.40478606534718, -19.0269096657019, 58.034617839921815, -91.29209340575144, 61.82806627089609], [4.293243784918346, 62.47244561288093, 57.26873019251765, -68.64041625125971, -43.18281088471378, -47.78887375481239], [-16.209690008898818, 29.953762925190382, 52.961065297267965, -23.634845852501712, 9.081814485260743, 50.469859108868256], [95.60710729464006, 102.72193180148898, 0.6918807077117233, -10.405834046793933, -15.702372797269515, -32.563647363753596], [-18.83799163082369, 67.46202602373143, 19.18119531545471, -33.763765139961116, -5.391752935383366, 3.0649256562545357], [16.5045253262808, 10.154863121263645, 43.75159653770837, -109.00568230876432, 10.510093988382053, 13.786049490155875], [-50.13578410723095, 22.11988249122055, 55.61912482301249, -8.770201189568278, -12.829797232521646, -14.240128640676243], [21.7550568158791, -42.769452171355596, -45.28359134172618, 35.49115260879041, 6.415356339039832, -4.642020881724859], [-124.85618668704893, 151.2135210145923, 36.99946889972538, 12.569637558998632, 31.63919110196815, 102.84950783842622]], "best_history": [[-26.85398028014253, 62.112364970384206, -5.146615899093861, -0.3234305836093565, -34.82638486027254, 7.816250884314599], [-53.86133223790618, 89.46972061926493, -74.80181477243109, 59.313899658544315, -107.64185666709561, 9.254083611584694]]}